Input_Sequence,Next_Word
Artificial,intelligence
Artificial intelligence,is
Artificial intelligence is,transforming
Artificial intelligence is transforming,industries
Machine,learning
Machine learning,models
Machine learning models,are
Machine learning models are,trained
Machine learning models are trained,on
Machine learning models are trained on,large
Machine learning models are trained on large,datasets
Deep,learning
Deep learning,uses
Deep learning uses,neural
Deep learning uses neural,networks
Deep learning uses neural networks,with
Deep learning uses neural networks with,multiple
Deep learning uses neural networks with multiple,layers
Python,is
Python is,a
Python is a,popular
Python is a popular,programming
Python is a popular programming,language
Python is a popular programming language,for
Python is a popular programming language for,data
Python is a popular programming language for data,science
TensorFlow,and
TensorFlow and,PyTorch
TensorFlow and PyTorch,are
TensorFlow and PyTorch are,widely
TensorFlow and PyTorch are widely,used
TensorFlow and PyTorch are widely used,for
TensorFlow and PyTorch are widely used for,building
TensorFlow and PyTorch are widely used for building,AI
TensorFlow and PyTorch are widely used for building AI,models
Cloud,computing
Cloud computing,provides
Cloud computing provides,scalable
Cloud computing provides scalable,infrastructure
Cloud computing provides scalable infrastructure,for
Cloud computing provides scalable infrastructure for,businesses
Big,data
Big data,analytics
Big data analytics,helps
Big data analytics helps,organizations
Big data analytics helps organizations,make
Big data analytics helps organizations make,data-driven
Big data analytics helps organizations make data-driven,decisions
Blockchain,technology
Blockchain technology,ensures
Blockchain technology ensures,secure
Blockchain technology ensures secure,and
Blockchain technology ensures secure and,transparent
Blockchain technology ensures secure and transparent,transactions
Cybersecurity,is
Cybersecurity is,critical
Cybersecurity is critical,for
Cybersecurity is critical for,protecting
Cybersecurity is critical for protecting,sensitive
Cybersecurity is critical for protecting sensitive,information
Quantum,computing
Quantum computing,has
Quantum computing has,the
Quantum computing has the,potential
Quantum computing has the potential,to
Quantum computing has the potential to,revolutionize
Quantum computing has the potential to revolutionize,computation
Natural,language
Natural language,processing
Natural language processing,enables
Natural language processing enables,machines
Natural language processing enables machines,to
Natural language processing enables machines to,understand
Natural language processing enables machines to understand,human
Natural language processing enables machines to understand human,language
Reinforcement,learning
Reinforcement learning,is
Reinforcement learning is,used
Reinforcement learning is used,in
Reinforcement learning is used in,robotics
Reinforcement learning is used in robotics,and
Reinforcement learning is used in robotics and,game
Reinforcement learning is used in robotics and game,playing
The,Internet
The Internet,of
The Internet of,Things
The Internet of Things,connects
The Internet of Things connects,devices
The Internet of Things connects devices,to
The Internet of Things connects devices to,improve
The Internet of Things connects devices to improve,efficiency
Edge,computing
Edge computing,reduces
Edge computing reduces,latency
Edge computing reduces latency,by
Edge computing reduces latency by,processing
Edge computing reduces latency by processing,data
Edge computing reduces latency by processing data,closer
Edge computing reduces latency by processing data closer,to
Edge computing reduces latency by processing data closer to,the
Edge computing reduces latency by processing data closer to the,source
GitHub,is
GitHub is,a
GitHub is a,platform
GitHub is a platform,for
GitHub is a platform for,hosting
GitHub is a platform for hosting,and
GitHub is a platform for hosting and,collaborating
GitHub is a platform for hosting and collaborating,on
GitHub is a platform for hosting and collaborating on,code
Version,control
Version control,systems
Version control systems,like
Version control systems like,Git
Version control systems like Git,track
Version control systems like Git track,changes
Version control systems like Git track changes,in
Version control systems like Git track changes in,software
Version control systems like Git track changes in software,development
DevOps,combines
DevOps combines,development
DevOps combines development,and
DevOps combines development and,operations
DevOps combines development and operations,for
DevOps combines development and operations for,faster
DevOps combines development and operations for faster,deployment
Agile,methodology
Agile methodology,focuses
Agile methodology focuses,on
Agile methodology focuses on,iterative
Agile methodology focuses on iterative,and
Agile methodology focuses on iterative and,incremental
Agile methodology focuses on iterative and incremental,development
APIs,allow
APIs allow,different
APIs allow different,software
APIs allow different software,systems
APIs allow different software systems,to
APIs allow different software systems to,communicate
APIs allow different software systems to communicate,with
APIs allow different software systems to communicate with,each
APIs allow different software systems to communicate with each,other
Containerization,tools
Containerization tools,like
Containerization tools like,Docker
Containerization tools like Docker,simplify
Containerization tools like Docker simplify,application
Containerization tools like Docker simplify application,deployment
Kubernetes,automates
Kubernetes automates,the
Kubernetes automates the,management
Kubernetes automates the management,of
Kubernetes automates the management of,containerized
Kubernetes automates the management of containerized,applications
Data,visualization
Data visualization,tools
Data visualization tools,help
Data visualization tools help,present
Data visualization tools help present,insights
Data visualization tools help present insights,in
Data visualization tools help present insights in,an
Data visualization tools help present insights in an,understandable
Data visualization tools help present insights in an understandable,way
Supervised,learning
Supervised learning,requires
Supervised learning requires,labeled
Supervised learning requires labeled,data
Supervised learning requires labeled data,for
Supervised learning requires labeled data for,training
Supervised learning requires labeled data for training,models
Unsupervised,learning
Unsupervised learning,finds
Unsupervised learning finds,patterns
Unsupervised learning finds patterns,in
Unsupervised learning finds patterns in,unlabeled
Unsupervised learning finds patterns in unlabeled,data
Neural,networks
Neural networks,mimic
Neural networks mimic,the
Neural networks mimic the,structure
Neural networks mimic the structure,of
Neural networks mimic the structure of,the
Neural networks mimic the structure of the,human
Neural networks mimic the structure of the human,brain
Computer,vision
Computer vision,enables
Computer vision enables,machines
Computer vision enables machines,to
Computer vision enables machines to,interpret
Computer vision enables machines to interpret,visual
Computer vision enables machines to interpret visual,information
Autonomous,vehicles
Autonomous vehicles,rely
Autonomous vehicles rely,on
Autonomous vehicles rely on,sensors
Autonomous vehicles rely on sensors,and
Autonomous vehicles rely on sensors and,AI
Autonomous vehicles rely on sensors and AI,for
Autonomous vehicles rely on sensors and AI for,navigation
5G,networks
5G networks,provide
5G networks provide,faster
5G networks provide faster,and
5G networks provide faster and,more
5G networks provide faster and more,reliable
5G networks provide faster and more reliable,wireless
5G networks provide faster and more reliable wireless,communication
Augmented,reality
Augmented reality,enhances
Augmented reality enhances,real-world
Augmented reality enhances real-world,experiences
Augmented reality enhances real-world experiences,with
Augmented reality enhances real-world experiences with,digital
Augmented reality enhances real-world experiences with digital,overlays
Virtual,reality
Virtual reality,immerses
Virtual reality immerses,users
Virtual reality immerses users,in
Virtual reality immerses users in,simulated
Virtual reality immerses users in simulated,environments
Cryptocurrency,is
Cryptocurrency is,a
Cryptocurrency is a,digital
Cryptocurrency is a digital,currency
Cryptocurrency is a digital currency,secured
Cryptocurrency is a digital currency secured,by
Cryptocurrency is a digital currency secured by,cryptography
Smart,contracts
Smart contracts,automate
Smart contracts automate,transactions
Smart contracts automate transactions,on
Smart contracts automate transactions on,the
Smart contracts automate transactions on the,blockchain
Data,privacy
Data privacy,regulations
Data privacy regulations,protect
Data privacy regulations protect,user
Data privacy regulations protect user,information
Data privacy regulations protect user information,online
Scalable,architectures
Scalable architectures,ensure
Scalable architectures ensure,systems
Scalable architectures ensure systems,can
Scalable architectures ensure systems can,handle
Scalable architectures ensure systems can handle,increased
Scalable architectures ensure systems can handle increased,loads
Serverless,computing
Serverless computing,eliminates
Serverless computing eliminates,the
Serverless computing eliminates the,need
Serverless computing eliminates the need,to
Serverless computing eliminates the need to,manage
Serverless computing eliminates the need to manage,physical
Serverless computing eliminates the need to manage physical,servers
Microservices,architecture
Microservices architecture,divides
Microservices architecture divides,applications
Microservices architecture divides applications,into
Microservices architecture divides applications into,smaller
Microservices architecture divides applications into smaller,components
Continuous,integration
Continuous integration,ensures
Continuous integration ensures,code
Continuous integration ensures code,changes
Continuous integration ensures code changes,are
Continuous integration ensures code changes are,tested
Continuous integration ensures code changes are tested,automatically
Debugging,tools
Debugging tools,help
Debugging tools help,developers
Debugging tools help developers,identify
Debugging tools help developers identify,and
Debugging tools help developers identify and,fix
Debugging tools help developers identify and fix,errors
Debugging tools help developers identify and fix errors,in
Debugging tools help developers identify and fix errors in,code
Algorithm,complexity
Algorithm complexity,measures
Algorithm complexity measures,the
Algorithm complexity measures the,efficiency
Algorithm complexity measures the efficiency,of
Algorithm complexity measures the efficiency of,computational
Algorithm complexity measures the efficiency of computational,tasks
Open-source,software
Open-source software,fosters
Open-source software fosters,collaboration
Open-source software fosters collaboration,and
Open-source software fosters collaboration and,innovation
High-performance,computing
High-performance computing,solves
High-performance computing solves,complex
High-performance computing solves complex,problems
High-performance computing solves complex problems,at
High-performance computing solves complex problems at,scale
Robotics,combines
Robotics combines,hardware
Robotics combines hardware,and
Robotics combines hardware and,software
Robotics combines hardware and software,for
Robotics combines hardware and software for,automation
Data,engineering
Data engineering,pipelines
Data engineering pipelines,process
Data engineering pipelines process,and
Data engineering pipelines process and,transform
Data engineering pipelines process and transform,raw
Data engineering pipelines process and transform raw,data
Feature,engineering
Feature engineering,improves
Feature engineering improves,the
Feature engineering improves the,performance
Feature engineering improves the performance,of
Feature engineering improves the performance of,machine
Feature engineering improves the performance of machine,learning
Feature engineering improves the performance of machine learning,models
